orig_clean_acc,org_adv_acc,transfer_acc_on_clean,transfer_acc_on_adv,ori_wrong,adv_to_ori,adv_to_adv,ori_to_adv,ori_to_ori,restore_acc_on_adv,Total_Accuracy,f1_score,Count_new,FGWS_F1
1.0,0.0,0.9221311475409836,0.2540983606557377,0.0,0.2540983606557377,0.7459016393442623,0.0,0.0,0.2540983606557377,58.81147540983606,0.40522875816993464,976,0.38153846153846155
