orig_clean_acc,org_adv_acc,transfer_acc_on_clean,transfer_acc_on_adv,ori_wrong,adv_to_ori,adv_to_adv,ori_to_adv,ori_to_ori,restore_acc_on_adv,Total_Accuracy,f1_score,Count_new,FGWS_F1
1.0,0.0,0.7325819672131147,0.4323770491803279,0.0,0.4323770491803279,0.5676229508196722,0.0,0.0,0.4323770491803279,58.247950819672134,0.6037195994277539,976,0.5087402049427366
